insert into Client (idClient, username, email, password, firstName, lastName, address, phoneNumber, isBanned, balance) values (1, 'cminister0', 'cminister0', 'nIbTeRcajGD', 'Constantina', 'Minister', '42749 Holmberg Trail', '2516074366', false, 0);
insert into Client (idClient, username, email, password, firstName, lastName, address, phoneNumber, isBanned, balance) values (2, 'tmaciak1', 'tmaciak1', 'W9OTEv', 'Tammy', 'Maciak', '9 Elka Terrace', '8008783943', false, 0);
insert into Client (idClient, username, email, password, firstName, lastName, address, phoneNumber, isBanned, balance) values (3, 'ethorsby2', 'ethorsby2', 'wsO9Nc', 'Eloise', 'Thorsby', '91 Stoughton Plaza', '5559455818', false, 0);
insert into Client (idClient, username, email, password, firstName, lastName, address, phoneNumber, isBanned, balance) values (4, 'ipolo3', 'ipolo3', 'hxDecSfLTCi', 'Inness', 'Polo', '7 Pepper Wood Pass', '3373728347', false, 0);
insert into Client (idClient, username, email, password, firstName, lastName, address, phoneNumber, isBanned, balance) values (5, 'mgoodchild4', 'mgoodchild4', 'c1CJpHY', 'Margette', 'Goodchild', '06902 Anthes Hill', '3733114159', false, 0);
insert into Client (idClient, username, email, password, firstName, lastName, address, phoneNumber, isBanned, balance) values (6, 'rgeeson5', 'rgeeson5', 'eXEKiNxOu3l3', 'Rouvin', 'Geeson', '5 Eastlawn Court', '1735779156', false, 0);
insert into Client (idClient, username, email, password, firstName, lastName, address, phoneNumber, isBanned, balance) values (7, 'epepperill6', 'epepperill6', 'mlYGRB', 'Edin', 'Pepperill', '07332 Amoth Avenue', '7578641793', false, 0);
insert into Client (idClient, username, email, password, firstName, lastName, address, phoneNumber, isBanned, balance) values (8, 'abillings7', 'abillings7', 'kiT8BQkhHb', 'Augusto', 'Billings', '0229 Briar Crest Court', '4556929801', false, 0);
insert into Client (idClient, username, email, password, firstName, lastName, address, phoneNumber, isBanned, balance) values (9, 'mbrasse8', 'mbrasse8', 'aG83cVfZj0M', 'Moss', 'Brasse', '94 Clarendon Center', '8372668442', false, 0);
insert into Client (idClient, username, email, password, firstName, lastName, address, phoneNumber, isBanned, balance) values (10, 'ncasassa9', 'ncasassa9', 'g4SbBe34b', 'Nadine', 'Casassa', '5725 6th Place', '9222548522', false, 0);
insert into Client (idClient, username, email, password, firstName, lastName, address, phoneNumber, isBanned, balance) values (11, 'lhakonsena', 'lhakonsena', 'ZRDVu7vg', 'Lorianne', 'Hakonsen', '833 Iowa Trail', '9901036704', false, 0);
insert into Client (idClient, username, email, password, firstName, lastName, address, phoneNumber, isBanned, balance) values (12, 'fcordieb', 'fcordieb', '7Q6EUuJzir', 'Fionna', 'Cordie', '53 Kingsford Parkway', '9054830509', false, 0);
insert into Client (idClient, username, email, password, firstName, lastName, address, phoneNumber, isBanned, balance) values (13, 'dfronczakc', 'dfronczakc', 'rmh2xUmfzW', 'Donielle', 'Fronczak', '964 Pankratz Court', '8967767108', false, 0);
insert into Client (idClient, username, email, password, firstName, lastName, address, phoneNumber, isBanned, balance) values (14, 'bklaffsd', 'bklaffsd', 'gk4M2UI9AHRg', 'Brocky', 'Klaffs', '48 School Road', '9645930760', false, 0);
insert into Client (idClient, username, email, password, firstName, lastName, address, phoneNumber, isBanned, balance) values (15, 'ksherrelle', 'ksherrelle', 'Ty44dmrReFdC', 'Kimbra', 'Sherrell', '0 Nancy Plaza', '2418005297', false, 0);
insert into Client (idClient, username, email, password, firstName, lastName, address, phoneNumber, isBanned, balance) values (16, 'tedensf', 'tedensf', 'Alf8r1Q', 'Tammi', 'Edens', '40 Little Fleur Center', '6733884752', false, 0);
insert into Client (idClient, username, email, password, firstName, lastName, address, phoneNumber, isBanned, balance) values (17, 'tharperg', 'tharperg', '1byoOMg3N5Pz', 'Terrye', 'Harper', '17 Farwell Lane', '2538110187', false, 0);
insert into Client (idClient, username, email, password, firstName, lastName, address, phoneNumber, isBanned, balance) values (18, 'anewloveh', 'anewloveh', 'KZvn44rwqG24', 'Alaster', 'Newlove', '6027 Weeping Birch Pass', '6152492435', false, 0);
insert into Client (idClient, username, email, password, firstName, lastName, address, phoneNumber, isBanned, balance) values (19, 'gingremi', 'gingremi', 'nf9cLYyVOlyC', 'Gerti', 'Ingrem', '5 Talisman Lane', '6456679802', false, 0);
insert into Client (idClient, username, email, password, firstName, lastName, address, phoneNumber, isBanned, balance) values (20, 'jambrogettij', 'jambrogettij', 'zYexcXMu', 'Jaimie', 'Ambrogetti', '975 Cascade Park', '6263255233', false, 0);
insert into Client (idClient, username, email, password, firstName, lastName, address, phoneNumber, isBanned, balance) values (21, 'bgebbiek', 'bgebbiek', 'RiVqJior2Qz', 'Bell', 'Gebbie', '6 Mandrake Circle', '6383170915', false, 0);
insert into Client (idClient, username, email, password, firstName, lastName, address, phoneNumber, isBanned, balance) values (22, 'pkerinl', 'pkerinl', 'szDeSEyQ', 'Pru', 'Kerin', '61366 Lyons Trail', '2489886503', false, 0);
insert into Client (idClient, username, email, password, firstName, lastName, address, phoneNumber, isBanned, balance) values (23, 'hfaganm', 'hfaganm', 'P3ygYR', 'Hannie', 'Fagan', '5030 Myrtle Road', '6954227386', false, 0);
insert into Client (idClient, username, email, password, firstName, lastName, address, phoneNumber, isBanned, balance) values (24, 'dcrosettin', 'dcrosettin', 'I2AjfOyL', 'Dru', 'Crosetti', '7344 Jenna Street', '1691605366', false, 0);
insert into Client (idClient, username, email, password, firstName, lastName, address, phoneNumber, isBanned, balance) values (25, 'vbennieo', 'vbennieo', 'knvCWkH5', 'Virgie', 'Bennie', '6195 Weeping Birch Terrace', '3152855560', false, 0);
insert into Client (idClient, username, email, password, firstName, lastName, address, phoneNumber, isBanned, balance) values (26, 'vradleyp', 'vradleyp', 'DZRO70DXjkP', 'Verney', 'Radley', '34381 Monica Point', '2501543505', false, 0);
insert into Client (idClient, username, email, password, firstName, lastName, address, phoneNumber, isBanned, balance) values (27, 'drichemondq', 'drichemondq', '0HrIz89zNV', 'Dorthea', 'Richemond', '8 Hintze Park', '5184722393', false, 0);
insert into Client (idClient, username, email, password, firstName, lastName, address, phoneNumber, isBanned, balance) values (28, 'gkermitr', 'gkermitr', 'cVUoIgO5e3V', 'Gena', 'Kermit', '262 Saint Paul Point', '7165761225', false, 0);
insert into Client (idClient, username, email, password, firstName, lastName, address, phoneNumber, isBanned, balance) values (29, 'djantots', 'djantots', 'okcnRr2RDRWn', 'Dani', 'Jantot', '9483 Ludington Avenue', '4757376851', false, 0);
insert into Client (idClient, username, email, password, firstName, lastName, address, phoneNumber, isBanned, balance) values (30, 'oglisont', 'oglisont', 'FsBZl5', 'Ophelie', 'Glison', '355 Eggendart Road', '3033973430', false, 0);
insert into Client (idClient, username, email, password, firstName, lastName, address, phoneNumber, isBanned, balance) values (31, 'edraxfordu', 'edraxfordu', 'Kj891FLMt', 'Ema', 'Draxford', '9354 Miller Circle', '8055037953', false, 0);
insert into Client (idClient, username, email, password, firstName, lastName, address, phoneNumber, isBanned, balance) values (32, 'aohengertyv', 'aohengertyv', 'WoKsEZ', 'Abigale', 'O''Hengerty', '88 Meadow Valley Avenue', '6136600357', false, 0);
insert into Client (idClient, username, email, password, firstName, lastName, address, phoneNumber, isBanned, balance) values (33, 'eninnoliw', 'eninnoliw', 'OnV3ylF8Oacl', 'Emmye', 'Ninnoli', '42451 Gale Parkway', '7735415439', false, 0);
insert into Client (idClient, username, email, password, firstName, lastName, address, phoneNumber, isBanned, balance) values (34, 'bsutex', 'bsutex', 'Zkt2lHZA', 'Baillie', 'Sute', '6431 Anderson Lane', '1683096776', false, 0);
insert into Client (idClient, username, email, password, firstName, lastName, address, phoneNumber, isBanned, balance) values (35, 'dhadkinsy', 'dhadkinsy', 'HRFpJg9P60', 'Dirk', 'Hadkins', '21505 Merry Pass', '9197982168', false, 0);
insert into Client (idClient, username, email, password, firstName, lastName, address, phoneNumber, isBanned, balance) values (36, 'rodriscollz', 'rodriscollz', 'rcNY2YxqPjT2', 'Ronny', 'O''Driscoll', '7 Briar Crest Crossing', '1379884943', false, 0);
insert into Client (idClient, username, email, password, firstName, lastName, address, phoneNumber, isBanned, balance) values (37, 'llownds10', 'llownds10', '8a6bQWNbJ', 'Lacie', 'Lownds', '410 Canary Lane', '7973065510', false, 0);
insert into Client (idClient, username, email, password, firstName, lastName, address, phoneNumber, isBanned, balance) values (38, 'oglisane11', 'oglisane11', 'tAfah9L8r4DJ', 'Odell', 'Glisane', '6 Messerschmidt Junction', '5691147110', false, 0);
insert into Client (idClient, username, email, password, firstName, lastName, address, phoneNumber, isBanned, balance) values (39, 'cygoe12', 'cygoe12', 'IlsBEy2DW', 'Corrianne', 'Ygoe', '224 Valley Edge Pass', '6051967235', false, 0);
insert into Client (idClient, username, email, password, firstName, lastName, address, phoneNumber, isBanned, balance) values (40, 'ekennewell13', 'ekennewell13', 'ARoFxbhkRyNz', 'Edik', 'Kennewell', '505 Mariners Cove Plaza', '7999673696', false, 0);
insert into Client (idClient, username, email, password, firstName, lastName, address, phoneNumber, isBanned, balance) values (41, 'glowless14', 'glowless14', '1bKxLK9LH', 'Gerri', 'Lowless', '8 Maple Court', '7765876471', false, 0);
insert into Client (idClient, username, email, password, firstName, lastName, address, phoneNumber, isBanned, balance) values (42, 'xcoare15', 'xcoare15', 'Pd8Ysx', 'Xymenes', 'Coare', '9 Marquette Avenue', '6025371724', false, 0);
insert into Client (idClient, username, email, password, firstName, lastName, address, phoneNumber, isBanned, balance) values (43, 'egarrioch16', 'egarrioch16', 'MwCRxY1t', 'Evan', 'Garrioch', '44 Hansons Center', '6262412392', false, 0);
insert into Client (idClient, username, email, password, firstName, lastName, address, phoneNumber, isBanned, balance) values (44, 'hmicka17', 'hmicka17', 'ri2XvWisI5S', 'Hew', 'Micka', '60882 Jenna Parkway', '9001813614', false, 0);
insert into Client (idClient, username, email, password, firstName, lastName, address, phoneNumber, isBanned, balance) values (45, 'usains18', 'usains18', 'O5RJiZ93SFkR', 'Udall', 'Sains', '9521 American Hill', '6336656047', false, 0);
insert into Client (idClient, username, email, password, firstName, lastName, address, phoneNumber, isBanned, balance) values (46, 'ilohde19', 'ilohde19', 'uqKv26XJ', 'Iggie', 'Lohde', '25 Oak Trail', '1527153317', false, 0);
insert into Client (idClient, username, email, password, firstName, lastName, address, phoneNumber, isBanned, balance) values (47, 'gteeney1a', 'gteeney1a', 'rep8pnuMh', 'Gallagher', 'Teeney', '9 Lukken Avenue', '1393168506', false, 0);
insert into Client (idClient, username, email, password, firstName, lastName, address, phoneNumber, isBanned, balance) values (48, 'cfripp1b', 'cfripp1b', 'doeXTNOIY9r', 'Clemmie', 'Fripp', '9 Nancy Court', '3215782114', false, 0);
insert into Client (idClient, username, email, password, firstName, lastName, address, phoneNumber, isBanned, balance) values (49, 'arenals1c', 'arenals1c', 'wTczvhTRy', 'Alana', 'Renals', '378 Montana Road', '7489661244', false, 0);
insert into Client (idClient, username, email, password, firstName, lastName, address, phoneNumber, isBanned, balance) values (50, 'ckilmurry1d', 'ckilmurry1d', '7WkpYGK', 'Camey', 'Kilmurry', '12882 2nd Plaza', '7945908910', false, 0);
insert into Client (idClient, username, email, password, firstName, lastName, address, phoneNumber, isBanned, balance) values (51, 'hcossem1e', 'hcossem1e', 'Rw2fFsZsz', 'Husain', 'Cossem', '9 Kropf Drive', '8679797470', false, 0);
insert into Client (idClient, username, email, password, firstName, lastName, address, phoneNumber, isBanned, balance) values (52, 'wtape1f', 'wtape1f', 'Fq4FY4kJ8RoB', 'Wilfrid', 'Tape', '427 Bartillon Avenue', '5038530707', false, 0);
insert into Client (idClient, username, email, password, firstName, lastName, address, phoneNumber, isBanned, balance) values (53, 'ypilkington1g', 'ypilkington1g', 'iQoUfTL4pYBv', 'Yetty', 'Pilkington', '4 Hagan Road', '6198933261', false, 0);
insert into Client (idClient, username, email, password, firstName, lastName, address, phoneNumber, isBanned, balance) values (54, 'cmetzel1h', 'cmetzel1h', 'EFj52pQ8jMy', 'Conan', 'Metzel', '6791 Sunfield Lane', '3951903485', false, 0);
insert into Client (idClient, username, email, password, firstName, lastName, address, phoneNumber, isBanned, balance) values (55, 'kstark1i', 'kstark1i', 'R1Ti137PAB5', 'Kat', 'Stark', '175 Lien Circle', '7086882974', false, 0);
insert into Client (idClient, username, email, password, firstName, lastName, address, phoneNumber, isBanned, balance) values (56, 'jclarey1j', 'jclarey1j', '8L8G1iz', 'Jesse', 'Clarey', '68 Amoth Center', '3447010173', false, 0);
insert into Client (idClient, username, email, password, firstName, lastName, address, phoneNumber, isBanned, balance) values (57, 'bparnaby1k', 'bparnaby1k', 'nFrmqosb', 'Barbabra', 'Parnaby', '19 Vera Plaza', '3722354942', false, 0);
insert into Client (idClient, username, email, password, firstName, lastName, address, phoneNumber, isBanned, balance) values (58, 'bwarton1l', 'bwarton1l', 'X9EuPq4e8w', 'Benedikt', 'Warton', '026 Miller Alley', '7052702136', false, 0);
insert into Client (idClient, username, email, password, firstName, lastName, address, phoneNumber, isBanned, balance) values (59, 'btondeur1m', 'btondeur1m', 'WXsjQG3', 'Borden', 'Tondeur', '3 Mallard Park', '6141467017', false, 0);
insert into Client (idClient, username, email, password, firstName, lastName, address, phoneNumber, isBanned, balance) values (60, 'awaszkiewicz1n', 'awaszkiewicz1n', 'A6LrtXSMb', 'Addi', 'Waszkiewicz', '51350 Oxford Way', '3029320066', false, 0);
insert into Client (idClient, username, email, password, firstName, lastName, address, phoneNumber, isBanned, balance) values (61, 'ljosefsen1o', 'ljosefsen1o', 'Clibhpgfqp', 'Leigh', 'Josefsen', '90008 Cardinal Street', '1526142422', false, 0);
insert into Client (idClient, username, email, password, firstName, lastName, address, phoneNumber, isBanned, balance) values (62, 'kmoggach1p', 'kmoggach1p', 'F1gvqSb', 'Korie', 'Moggach', '29441 North Road', '1735588255', false, 0);
insert into Client (idClient, username, email, password, firstName, lastName, address, phoneNumber, isBanned, balance) values (63, 'jgierck1q', 'jgierck1q', 'Jovxuru', 'Janelle', 'Gierck', '5637 Bunker Hill Hill', '8307607569', false, 0);
insert into Client (idClient, username, email, password, firstName, lastName, address, phoneNumber, isBanned, balance) values (64, 'ttimbs1r', 'ttimbs1r', 'HjK8Ih', 'Tommy', 'Timbs', '3002 Wayridge Hill', '9739834214', false, 0);
insert into Client (idClient, username, email, password, firstName, lastName, address, phoneNumber, isBanned, balance) values (65, 'alunbech1s', 'alunbech1s', 'XErY9Rj', 'Ardyth', 'Lunbech', '47505 Eggendart Parkway', '4331322192', false, 0);
insert into Client (idClient, username, email, password, firstName, lastName, address, phoneNumber, isBanned, balance) values (66, 'rcroy1t', 'rcroy1t', 'tpcOehQqt', 'Rolando', 'Croy', '9061 Spenser Center', '7006858673', false, 0);
insert into Client (idClient, username, email, password, firstName, lastName, address, phoneNumber, isBanned, balance) values (67, 'mogbourne1u', 'mogbourne1u', '2BMQ0L', 'Michel', 'Ogbourne', '90638 Miller Parkway', '3933040129', false, 0);
insert into Client (idClient, username, email, password, firstName, lastName, address, phoneNumber, isBanned, balance) values (68, 'ftruscott1v', 'ftruscott1v', '2ETEp96', 'Faustina', 'Truscott', '11 Stone Corner Point', '4346036961', false, 0);
insert into Client (idClient, username, email, password, firstName, lastName, address, phoneNumber, isBanned, balance) values (69, 'ttetlow1w', 'ttetlow1w', 'OTVYNz5prSN', 'Tommie', 'Tetlow', '095 Fallview Park', '3679372572', false, 0);
insert into Client (idClient, username, email, password, firstName, lastName, address, phoneNumber, isBanned, balance) values (70, 'blaurenzi1x', 'blaurenzi1x', 'Pj9xFvIZs8lQ', 'Benjamen', 'Laurenzi', '79513 Claremont Parkway', '2055752923', false, 0);
insert into Client (idClient, username, email, password, firstName, lastName, address, phoneNumber, isBanned, balance) values (71, 'speret1y', 'speret1y', '8ApEB8LNrF', 'Stephine', 'Peret', '118 Milwaukee Way', '7081186362', false, 0);
insert into Client (idClient, username, email, password, firstName, lastName, address, phoneNumber, isBanned, balance) values (72, 'fgoaks1z', 'fgoaks1z', 'LfwZPpGD', 'Faulkner', 'Goaks', '36018 Dovetail Avenue', '7387863226', false, 0);
insert into Client (idClient, username, email, password, firstName, lastName, address, phoneNumber, isBanned, balance) values (73, 'rbaggelley20', 'rbaggelley20', 'vM2v2OuMZ', 'Raina', 'Baggelley', '26989 Sycamore Parkway', '9299506248', false, 0);
insert into Client (idClient, username, email, password, firstName, lastName, address, phoneNumber, isBanned, balance) values (74, 'afullom21', 'afullom21', 'SbiBj5xw7', 'Austen', 'Fullom', '8 Sunbrook Street', '9288377172', false, 0);
insert into Client (idClient, username, email, password, firstName, lastName, address, phoneNumber, isBanned, balance) values (75, 'thenworth22', 'thenworth22', 'DcpuZY51Wn', 'Tedd', 'Henworth', '91613 Dexter Road', '8299683645', false, 0);
insert into Client (idClient, username, email, password, firstName, lastName, address, phoneNumber, isBanned, balance) values (76, 'dmacmorland23', 'dmacmorland23', 'on9G5VNspwvy', 'Danila', 'MacMorland', '227 Roth Place', '7926263373', false, 0);
insert into Client (idClient, username, email, password, firstName, lastName, address, phoneNumber, isBanned, balance) values (77, 'lraraty24', 'lraraty24', 'a5HZTZmEF74', 'Latisha', 'Raraty', '657 Eagan Road', '5112149554', false, 0);
insert into Client (idClient, username, email, password, firstName, lastName, address, phoneNumber, isBanned, balance) values (78, 'psodory25', 'psodory25', 'PYFspnGyF', 'Powell', 'Sodory', '03807 Myrtle Circle', '4884349382', false, 0);
insert into Client (idClient, username, email, password, firstName, lastName, address, phoneNumber, isBanned, balance) values (79, 'jgaratty26', 'jgaratty26', 'UQvEoH0UhfXq', 'Julina', 'Garatty', '53047 Cottonwood Road', '5558992542', false, 0);
insert into Client (idClient, username, email, password, firstName, lastName, address, phoneNumber, isBanned, balance) values (80, 'caymes27', 'caymes27', 'X62OcRg', 'Cross', 'Aymes', '7584 Eliot Parkway', '7755908393', false, 0);
insert into Client (idClient, username, email, password, firstName, lastName, address, phoneNumber, isBanned, balance) values (81, 'tnorval28', 'tnorval28', 'clDRtvbmtE', 'Thorvald', 'Norval', '72346 Straubel Crossing', '6909725178', false, 0);
insert into Client (idClient, username, email, password, firstName, lastName, address, phoneNumber, isBanned, balance) values (82, 'lspaunton29', 'lspaunton29', 'ACD6JKV', 'Lauraine', 'Spaunton', '9256 Sugar Parkway', '8658446055', false, 0);
insert into Client (idClient, username, email, password, firstName, lastName, address, phoneNumber, isBanned, balance) values (83, 'dpressey2a', 'dpressey2a', 'XobErV', 'Dominic', 'Pressey', '68041 Erie Pass', '2768496430', false, 0);
insert into Client (idClient, username, email, password, firstName, lastName, address, phoneNumber, isBanned, balance) values (84, 'jfurber2b', 'jfurber2b', '6O1s37', 'Jennee', 'Furber', '522 Spaight Pass', '8306840210', false, 0);
insert into Client (idClient, username, email, password, firstName, lastName, address, phoneNumber, isBanned, balance) values (85, 'bgrealish2c', 'bgrealish2c', 'xR93FYeyLx', 'Brear', 'Grealish', '91955 Twin Pines Junction', '1731441560', false, 0);
insert into Client (idClient, username, email, password, firstName, lastName, address, phoneNumber, isBanned, balance) values (86, 'akeets2d', 'akeets2d', 'hbh4okiM', 'Alfredo', 'Keets', '8392 Bluestem Court', '1018456130', false, 0);
insert into Client (idClient, username, email, password, firstName, lastName, address, phoneNumber, isBanned, balance) values (87, 'atemplman2e', 'atemplman2e', 'JfyhSEyiqzG', 'Aurea', 'Templman', '5 Clove Trail', '1794047856', false, 0);
insert into Client (idClient, username, email, password, firstName, lastName, address, phoneNumber, isBanned, balance) values (88, 'lcrayker2f', 'lcrayker2f', 'vmAD0j1WcoC', 'Leeland', 'Crayker', '99 Pawling Plaza', '8625020011', false, 0);
insert into Client (idClient, username, email, password, firstName, lastName, address, phoneNumber, isBanned, balance) values (89, 'epestricke2g', 'epestricke2g', 'tlqMJnYmqY', 'Ethel', 'Pestricke', '2 Forest Run Trail', '4722848515', false, 0);
insert into Client (idClient, username, email, password, firstName, lastName, address, phoneNumber, isBanned, balance) values (90, 'hnorthgraves2h', 'hnorthgraves2h', 'Ig13mD79', 'Herold', 'Northgraves', '16941 Farwell Crossing', '4682333786', false, 0);
insert into Client (idClient, username, email, password, firstName, lastName, address, phoneNumber, isBanned, balance) values (91, 'mrizzardi2i', 'mrizzardi2i', 'vU8vQFzlAf', 'Maddy', 'Rizzardi', '76434 Longview Junction', '1781173823', false, 0);
insert into Client (idClient, username, email, password, firstName, lastName, address, phoneNumber, isBanned, balance) values (92, 'kmcgreal2j', 'kmcgreal2j', 'QcTg1hEUG3', 'Kurt', 'McGreal', '5431 Harper Terrace', '8842414318', false, 0);
insert into Client (idClient, username, email, password, firstName, lastName, address, phoneNumber, isBanned, balance) values (93, 'slound2k', 'slound2k', '8gZr7ae', 'Steffen', 'Lound', '07 Swallow Court', '1909567354', false, 0);
insert into Client (idClient, username, email, password, firstName, lastName, address, phoneNumber, isBanned, balance) values (94, 'rslay2l', 'rslay2l', 'QliWwgoC5x', 'Reade', 'Slay', '9090 Elgar Road', '7695797100', false, 0);
insert into Client (idClient, username, email, password, firstName, lastName, address, phoneNumber, isBanned, balance) values (95, 'rkerrigan2m', 'rkerrigan2m', 'loPZBVrIzf', 'Robyn', 'Kerrigan', '2120 Grasskamp Court', '9515914536', false, 0);
insert into Client (idClient, username, email, password, firstName, lastName, address, phoneNumber, isBanned, balance) values (96, 'kgietz2n', 'kgietz2n', 'Ict2AjFLg5Em', 'Katrine', 'Gietz', '9031 Ramsey Trail', '8027830091', false, 0);
insert into Client (idClient, username, email, password, firstName, lastName, address, phoneNumber, isBanned, balance) values (97, 'afonzone2o', 'afonzone2o', '2jTFYhaDb1', 'Alberto', 'Fonzone', '2033 Hallows Alley', '3045724334', false, 0);
insert into Client (idClient, username, email, password, firstName, lastName, address, phoneNumber, isBanned, balance) values (98, 'cboken2p', 'cboken2p', '5gJe6CwDDkE', 'Chandra', 'Boken', '605 Carioca Plaza', '9586223865', false, 0);
insert into Client (idClient, username, email, password, firstName, lastName, address, phoneNumber, isBanned, balance) values (99, 'nkedge2q', 'nkedge2q', '8KHqQW9a0e', 'Neville', 'Kedge', '3 Chive Trail', '1631893877', false, 0);
insert into Client (idClient, username, email, password, firstName, lastName, address, phoneNumber, isBanned, balance) values (100, 'shartgill2r', 'shartgill2r', 'hJBUKDuKEU', 'Sigmund', 'Hartgill', '7453 Ryan Way', '5403554240', false, 0);
insert into Category (idCategory, name) values (1, 'Desporto');
insert into Category (idCategory, name) values (2, 'Lazer');
insert into Category (idCategory, name) values (3, 'Veículos');
insert into Category (idCategory, name) values (4, 'Arte');
insert into Category (idCategory, name) values (5, 'Imobiliário');
insert into Category (idCategory, name) values (6, 'Moda');
insert into Category (idCategory, name) values (7, 'Tecnologia');
insert into Category (idCategory, name) values (8, 'Casa e Jardim');
insert into Category (idCategory, name) values (9, 'Animais');
insert into AuctionOwner (idClient) values (1);
insert into AuctionOwner (idClient) values (2);
insert into AuctionOwner (idClient) values (3);
insert into AuctionOwner (idClient) values (4);
insert into AuctionOwner (idClient) values (5);
insert into AuctionOwner (idClient) values (6);
insert into AuctionOwner (idClient) values (7);
insert into AuctionOwner (idClient) values (8);
insert into AuctionOwner (idClient) values (9);
insert into AuctionOwner (idClient) values (10);
insert into Auction (idAuction, name , startDate, endDate, startingPrice, currentPrice, description, isOver, idCategory, idOwner) values (1, 'Wilson Rf97 V10', '2022-09-16 15:41:15', '2022-12-14 03:01:53', 95, 95, 'Perfect condition Tennis racquet', false, 1, 1);
insert into Auction (idAuction, name , startDate, endDate, startingPrice, currentPrice, description, isOver, idCategory, idOwner) values (2, 'Apple iPhone 13 Max Pro', '2022-09-06 18:34:14', '2022-12-23 09:42:29', 1400, 1400, 'iPhone with Factory Warranty, Novo', false, 7, 2);
insert into Auction (idAuction, name , startDate, endDate, startingPrice, currentPrice, description, isOver, idCategory, idOwner) values (3, 'Long sleeve shirt', '2022-09-29 00:14:40', '2022-12-11 13:51:29', 14, 14, 'Red shirt in excellent condition', false, 6, 3);
insert into Auction (idAuction, name , startDate, endDate, startingPrice, currentPrice, description, isOver, idCategory, idOwner) values (4, 'Old Oil Painting', '2022-09-02 11:32:30', '2022-12-21 16:58:51', 51, 51, 'Autumn Mountain Painting in Good Condition', false, 4, 4);
insert into Auction (idAuction, name , startDate, endDate, startingPrice, currentPrice, description, isOver, idCategory, idOwner) values (5, 'Honda Civic', '2022-09-20 08:24:53', '2022-12-14 16:12:04', 8000, 8000, 'Honda Civic Vx 1992, second hand', false, 3, 5);
insert into Auction (idAuction, name , startDate, endDate, startingPrice, currentPrice, description, isOver, idCategory, idOwner) values (6, 'Laser Pointer', '2022-08-05 04:26:52', '2022-12-16 06:30:09', 20, 20, 'Green Rechargable Laser Pointer 532NM', false, 2, 6);
insert into Auction (idAuction, name , startDate, endDate, startingPrice, currentPrice, description, isOver, idCategory, idOwner) values (7, 'Samsung Galaxy S20', '2022-09-25 17:41:01', '2022-12-24 03:52:39', 1000, 1000, 'Samsung phone in good condition', false, 7, 7);
insert into Auction (idAuction, name , startDate, endDate, startingPrice, currentPrice, description, isOver, idCategory, idOwner) values (8, 'Wood Hut', '2022-10-19 22:19:24', '2022-12-27 03:23:00', 20000, 20000, 'Wood hut, perfect for winter vacation', false, 5, 8);
insert into Auction (idAuction, name , startDate, endDate, startingPrice, currentPrice, description, isOver, idCategory, idOwner) values (9, 'Nike Court Aerobill', '2022-10-08 11:19:21', '2022-12-12 20:43:49', 43, 43, 'Tennis hat, adult', false, 1, 9);
insert into Auction (idAuction, name , startDate, endDate, startingPrice, currentPrice, description, isOver, idCategory, idOwner) values (10, 'Digital Camera', '2022-10-02 10:18:06', '2022-12-19 17:54:09', 50, 50, 'Polaroid i20X29 20.0MP Digital Camera', false, 7, 10);
insert into Bid (idBid, bidDate, isValid, price, idClient, idAuction) values (1, '2022-10-21 00:25:00', 'true', 95, 1, 10);
insert into Bid (idBid, bidDate, isValid, price, idClient, idAuction) values (2, '2022-10-22 10:00:30', 'true', 1400, 2, 9);
insert into Bid (idBid, bidDate, isValid, price, idClient, idAuction) values (3, '2022-10-20 21:00:00', 'true', 21000, 3, 8);
insert into Bid (idBid, bidDate, isValid, price, idClient, idAuction) values (4, '2022-10-22 14:30:00', 'true', 1151, 4, 7);
insert into Bid (idBid, bidDate, isValid, price, idClient, idAuction) values (5, '2022-10-19 10:00:00', 'true', 100, 5, 6);
insert into Bid (idBid, bidDate, isValid, price, idClient, idAuction) values (6, '2022-10-18 12:10:00', 'true', 20000, 6, 5);
insert into Bid (idBid, bidDate, isValid, price, idClient, idAuction) values (7, '2022-10-15 12:00:00', 'true', 220, 7, 4);
insert into Bid (idBid, bidDate, isValid, price, idClient, idAuction) values (8, '2022-10-20 22:00:30', 'true', 200, 8, 3);
insert into Bid (idBid, bidDate, isValid, price, idClient, idAuction) values (9, '2022-10-20 21:10:25', 'true', 4312, 9, 2);
insert into Bid (idBid, bidDate, isValid, price, idClient, idAuction) values (10, '2022-10-19 13:12:10', 'true', 150, 10, 1);
insert into FavoriteAuction (idClient, idAuction) values (1, 1);
insert into FavoriteAuction (idClient, idAuction) values (2, 2);
insert into FavoriteAuction (idClient, idAuction) values (3, 3);
insert into FavoriteAuction (idClient, idAuction) values (4, 4);
insert into FavoriteAuction (idClient, idAuction) values (5, 5);
insert into FavoriteAuction (idClient, idAuction) values (6, 6);
insert into FavoriteAuction (idClient, idAuction) values (7, 7);
insert into FavoriteAuction (idClient, idAuction) values (8, 8);
insert into FavoriteAuction (idClient, idAuction) values (9, 9);
insert into FavoriteAuction (idClient, idAuction) values (10, 10);
insert into FavoriteAuction (idClient, idAuction) values (50, 1);
insert into FavoriteAuction (idClient, idAuction) values (60, 2);
insert into FavoriteAuction (idClient, idAuction) values (27, 3);
insert into FavoriteAuction (idClient, idAuction) values (23, 4);
insert into FavoriteAuction (idClient, idAuction) values (4, 5);
insert into FavoriteAuction (idClient, idAuction) values (67, 6);
insert into FavoriteAuction (idClient, idAuction) values (25, 7);
insert into FavoriteAuction (idClient, idAuction) values (87, 8);
insert into FavoriteAuction (idClient, idAuction) values (13, 9);
insert into FavoriteAuction (idClient, idAuction) values (11, 10);
insert into SystemManager (idSysMan, username , email, password) values (1, 'ljedrych0', 'ljedrych0@blogtalkradio.com', '4HmZdUZG6kV');
insert into SystemManager (idSysMan, username , email, password) values (2, 'kcollihole1', 'kcollihole1@so-net.ne.jp', 'n5gLdwK');
